distancePixel,angle,aspRatio,normalized_BBsize,relative_height,horizontal_offset,vertical_offset,log_distPix,distanceReal
68.9043,88.362,3,0.00153992,10.875,0.00410322,0.143492,4.24713,0.20
64.405,88.3072,1.14865,0.00383911,27.75,0.00396357,0.134119,4.1806,0.30
66.8204,89.1114,1.71154,0.00282471,19.5,0.0021589,0.139193,4.21686,0.25
69.0691,90.7241,1.0375,0.00405273,30,-0.00181859,0.143882,4.24948,0.36
70.7717,91.3303,1.02439,0.0042041,30.75,-0.00342296,0.147401,4.27349,0.38
73.7676,91.1675,1.04938,0.00420227,30.375,-0.00313132,0.153651,4.31438,0.40
84.9128,85.2571,0.975904,0.00410339,31.125,0.0146272,0.176296,4.45333,0.50
89.7372,88.0133,0.987342,0.00376099,29.625,0.00648129,0.18684,4.50797,0.55
94.8875,86.9201,0.974026,0.00352478,28.875,0.0106212,0.197397,4.56318,0.60
101.578,87.7427,0.947368,0.00333984,28.5,0.00833497,0.211457,4.63063,0.65
135.073,89.2408,0.97479,0.00210632,22.3125,0.00372845,0.281378,4.91319,1.10
114.709,87.7769,0.985075,0.00269897,25.125,0.00927028,0.238798,4.75108,0.80
110.455,87.097,0.985507,0.00286377,25.875,0.0116541,0.229819,4.71362,0.75
121.702,87.2425,0.96124,0.0024408,24.1875,0.0121978,0.253253,4.80976,0.90
132.389,87.3636,0.951613,0.00223267,23.25,0.0126868,0.275519,4.89327,1.05
103.259,87.8562,0.972603,0.00316345,27.375,0.00804713,0.214973,4.64688,0.68
125.247,87.4685,0.953125,0.00238281,24,0.0115249,0.260676,4.83824,0.95
144.867,86.6646,0.948276,0.00194702,21.75,0.0175594,0.301295,4.9827,1.30
143.519,89.0722,0.965517,0.00198242,21.75,0.00484143,0.298958,4.97341,1.27
137.509,89.326,0.966667,0.00212402,22.5,0.0033701,0.286458,4.93094,1.15
151.407,88.7807,0.962963,0.00171387,20.25,0.0067124,0.315361,5.02656,1.43
156.647,89.0078,0.98,0.00149536,18.75,0.00565127,0.326299,5.06036,1.53
158.539,88.699,0.98,0.00149536,18.75,0.00749907,0.330205,5.07229,1.59
143.881,89.4201,0.964286,0.0018457,21,0.00303378,0.299737,4.97591,1.27
107.736,84.8994,0.957143,0.00286255,26.25,0.0199547,0.223562,4.68893,0.74
164.144,89.1087,1,0.0012915,17.25,0.00531939,0.341925,5.10682,1.75
167.511,89.3087,0.956522,0.00123535,17.25,0.00421026,0.348956,5.127,1.86
104.808,87.2449,0.972222,0.00307617,27,0.0104954,0.218097,4.66162,0.71
123.298,88.392,0.955224,0.00261719,25.125,0.00720798,0.25677,4.82268,0.93
165.743,87.8273,0.9375,0.00131836,18,0.0130907,0.34505,5.11645,1.78
176.646,87.6512,0.97619,0.00105103,15.75,0.0150821,0.367704,5.1798,2.16
181.041,88.7795,1.02778,0.000812988,13.5,0.00803371,0.377082,5.20423,2.35
183.148,86.8683,1,0.000791016,13.5,0.0208451,0.380989,5.21574,2.48
188.347,87.2113,1.03333,0.000567627,11.25,0.0190905,0.391925,5.24358,2.73
191.692,87.4222,1,0.000549316,11.25,0.0179618,0.398955,5.26109,2.99
196.571,87.4264,1,0.000478516,10.5,0.0183884,0.409111,5.2861,3.35
194.791,86.8658,1.03571,0.000495605,10.5,0.0221875,0.405208,5.27705,3.20
197.403,86.9537,1.03846,0.000428467,9.75,0.0218553,0.410676,5.2903,3.38
198.667,88.8212,1,0.000412598,9.75,0.00851496,0.413802,5.29665,3.57
200.276,87.7786,1.04167,0.000366211,9,0.0161728,0.416927,5.30468,3.70
201.024,87.7907,0.961538,0.000396729,9.75,0.0161446,0.418488,5.30839,3.84
202.807,88.6353,1.04167,0.000366211,9,0.0100631,0.422395,5.31717,4.02
204.772,87.8224,1.04545,0.000308838,8.25,0.0162097,0.426301,5.32677,4.24
205.896,87.8341,1.04545,0.000308838,8.25,0.0162114,0.428644,5.33222,4.40
207.02,87.8456,1,0.00029541,8.25,0.0162131,0.430988,5.33764,4.58
208.18,87.6042,0.954545,0.000281982,8.25,0.0181299,0.433329,5.3432,4.80
209.417,86.9634,0.954545,0.000281982,8.25,0.0231116,0.435673,5.34909,5.00
200.29,87.6737,1.04167,0.000366211,9,0.0169368,0.416926,5.30474,3.67
193.61,87.1718,1,0.000478516,10.5,0.0199023,0.402863,5.271,3.13
188.338,87.2719,1,0.000625,12,0.0186751,0.391926,5.24353,2.75
49.6147,2.5646,0.866667,0.00428467,33.75,0.10326,0.0046251,3.92424,0.25
63.1682,3.28976,1.02353,0.00451355,31.875,0.131384,0.00755197,4.16151,0.37
131.532,355.133,1.05091,0.0434438,97.5938,0.273038,-0.0232477,4.88683,0.30
80.8796,0.549254,0.976562,0.00976562,48,0.168491,0.00161526,4.40525,0.30
161.51,359.059,0.968326,0.028866,82.875,0.336434,-0.00552728,5.09074,0.40
149.121,359.536,1,0.0141016,57,0.310659,-0.00251413,5.01144,0.50
144.83,354.632,0.865385,0.051416,117,0.300406,-0.0282293,4.98244,0.25
86.8678,359.763,0.994505,0.0201062,68.25,0.180973,-0.000748983,4.47583,0.25
63.9973,359.917,0.991667,0.00871582,45,0.133328,-0.000193088,4.17435,0.25
77.6925,359.051,0.981982,0.00738464,41.625,0.161837,-0.00268011,4.36555,0.35
146.485,359.405,1.05579,0.0349841,87.375,0.305161,-0.00316845,4.99373,0.35
172.015,358.958,1.04459,0.0157153,58.875,0.358306,-0.00651666,5.15338,0.60
164.909,1.1039,1,0.00938477,46.5,0.343497,0.00661888,5.11144,0.70
70.3775,359.42,1.01176,0.00446167,31.875,0.146612,-0.00148307,4.26798,0.42
85.7594,359.079,0.987952,0.00415405,31.125,0.178642,-0.00287064,4.46314,0.55
100.376,359.656,0.986842,0.003479,28.5,0.209113,-0.00125628,4.61884,0.68
114.849,358.519,1.01429,0.00303345,26.25,0.23919,-0.00618393,4.75229,0.84
129.091,358.809,1.02344,0.00255859,24,0.268881,-0.00558807,4.86823,1.03
140.357,358.538,1.025,0.0022522,22.5,0.292316,-0.0074598,4.95129,1.20
147.317,358.253,1,0.00191406,21,0.306768,-0.00935861,4.99935,1.33
152.203,358.173,1.03704,0.0018457,20.25,0.316928,-0.0101095,5.03176,1.43
160.433,358.446,1.03846,0.00171387,19.5,0.334112,-0.00906316,5.08409,1.61
164.526,358.97,1.02041,0.00149536,18.375,0.342708,-0.00615938,5.10913,1.72
168.66,358.813,1.04167,0.00146484,18,0.3513,-0.00727764,5.1338,1.85
172.43,358.536,1.02222,0.00126343,16.875,0.359113,-0.00917623,5.15578,1.94
175.825,358.33,1.04545,0.00123535,16.5,0.366146,-0.0106741,5.17516,2.10
179.938,358.478,1.04762,0.00112793,15.75,0.374739,-0.00995983,5.19816,2.24
182.908,358.893,1.02439,0.00105103,15.375,0.380988,-0.00736511,5.21444,2.36
186.321,358.411,1.05263,0.000927734,14.25,0.388019,-0.0107644,5.23282,2.52
187.798,358.698,1.05263,0.000927734,14.25,0.391145,-0.00888966,5.24068,2.61
187.066,358.469,1.02703,0.000858154,13.875,0.389582,-0.0104106,5.23679,2.55
190.806,358.607,1.05556,0.000834961,13.5,0.397394,-0.00966499,5.25648,2.77
193.637,357.014,1.05882,0.00074707,12.75,0.402863,-0.0210113,5.27114,2.93
198.3,358.705,1.0625,0.000664063,12,0.41302,-0.00933521,5.29481,3.25
200.921,358.771,1.03226,0.000605469,11.625,0.418489,-0.00897665,5.30788,3.45
202.425,358.726,1.03448,0.000531006,10.875,0.421615,-0.00937485,5.3153,3.60
205.042,358.844,1.03448,0.000531006,10.875,0.427083,-0.00861771,5.32808,3.84
52.2511,35.2226,0.878049,0.00360352,30.75,0.0889267,0.0627834,3.97502,0.27
58.1737,24.8865,0.977778,0.00483398,33.75,0.109941,0.0510017,4.08048,0.34
89.9874,22.1779,1,0.0038092,29.625,0.173604,0.0707683,4.51072,0.59
147.071,26.1596,1.02416,0.0452328,100.875,0.275013,0.135083,4.99769,0.27
85.1997,28.3945,0.986667,0.0135498,56.25,0.156145,0.084408,4.45667,0.27
62.203,25.8004,0.974359,0.00814087,43.875,0.116671,0.0564022,4.14635,0.27
153.566,25.247,1.06161,0.0288477,79.125,0.289368,0.136456,5.04062,0.40
105.506,23.4478,1,0.0104742,49.125,0.201653,0.0874625,4.6682,0.40
84.8781,21.0567,0.973684,0.00772339,42.75,0.165022,0.0635333,4.45293,0.40
181.585,25.1651,1.03704,0.0226099,70.875,0.342395,0.160864,5.20721,0.55
118.264,22.266,0.97479,0.00842529,44.625,0.228012,0.0933568,4.78134,0.55
106.689,23.5989,0.972222,0.00307617,27,0.20368,0.0889808,4.67924,0.74
79.8588,24.8474,1,0.00420471,31.125,0.150971,0.0699101,4.3927,0.50
70.2865,17.5214,0.976744,0.00440918,32.25,0.139636,0.0440846,4.26671,0.43
102.215,18.3671,1,0.00334229,27.75,0.2021,0.0671008,4.63681,0.70
122.521,18.5763,1,0.00290588,25.875,0.241953,0.0813149,4.81641,0.96
160.19,19.0859,1,0.00165039,19.5,0.315385,0.109125,5.08259,1.62
170.899,19.462,1.08696,0.00140381,17.25,0.335697,0.118626,5.14691,1.97
184.17,19.2409,1.05,0.00102539,15,0.362256,0.126441,5.22128,2.46
180.456,19.4705,1.07317,0.00110107,15.375,0.354451,0.125312,5.20102,2.32
187.485,19.6982,1.02564,0.000952148,14.625,0.367737,0.131656,5.23902,2.64
191.086,19.712,1.05556,0.000834961,13.5,0.374767,0.134275,5.25794,2.85
196.988,19.9801,1.0625,0.000664063,12,0.385691,0.140228,5.28821,3.22
199.424,20.0113,1.0303,0.000684814,12.375,0.390384,0.142175,5.30044,3.44
202.179,19.6677,1.03226,0.000605469,11.625,0.396632,0.141763,5.31409,3.68
204.668,20.0586,1.03448,0.000531006,10.875,0.400528,0.146245,5.32626,3.92
206.86,20.2049,1.03704,0.000461426,10.125,0.404439,0.148844,5.33686,4.12
209.552,20.4197,1.07692,0.000444336,9.75,0.409133,0.152315,5.34973,4.40
211.585,20.1539,1.04,0.000396729,9.375,0.413813,0.151875,5.35934,4.67
213.707,19.951,1.08333,0.000380859,9,0.418502,0.151917,5.36927,5.00
59.9828,52.2975,0.779221,0.00281982,28.875,0.0764232,0.0988712,4.11059,0.30
70.4661,76.465,2.10256,0.0019519,14.625,0.034358,0.142727,4.26922,0.26
74.0389,66.5471,1,0.00400452,30.375,0.0613897,0.141505,4.31801,0.44
140.418,61.8986,0.993197,0.0523975,110.25,0.137795,0.258052,4.95172,0.28
85.0972,62.8079,1.01307,0.0144745,57.375,0.0810153,0.157692,4.45548,0.28
70.4919,63.1191,1.04065,0.00960937,46.125,0.0664,0.13099,4.26958,0.29
145.813,59.03,1.02564,0.0342773,87.75,0.15632,0.260469,4.98916,0.38
102.712,62.8608,1.00356,0.0120914,52.6875,0.0976098,0.190425,4.64162,0.38
173.167,64.2824,1.00917,0.0292725,81.75,0.156549,0.325029,5.16001,0.50
118.828,62.0256,1.01961,0.0101166,47.8125,0.116124,0.218633,4.78606,0.50
97.1787,63.299,1,0.00586182,36.75,0.0909703,0.180866,4.58679,0.50
195.22,64.6219,0.981707,0.0161157,61.5,0.174311,0.36746,5.27924,0.60
135.392,63.3802,1.02905,0.00911987,45.1875,0.126386,0.252168,4.91554,0.60
110.9,64.0471,0.978947,0.00539246,35.625,0.101111,0.207741,4.7176,0.60
213.742,63.4483,1.02381,0.00992065,47.25,0.19905,0.398331,5.36944,1.00
166.24,63.3483,1,0.00472656,33,0.155353,0.309535,5.11943,1.00
146.112,64.8273,1.04167,0.0032959,27,0.129476,0.27549,4.99119,1.00
108.55,93.37,1.22826,0.101523,138,-0.0132937,0.225755,4.69638,0.20
66.8304,87.9975,1.03571,0.0178418,63,0.00486521,0.139145,4.21701,0.20
68.9082,91.8148,1.85938,0.00464844,24,-0.00454633,0.143487,4.24718,0.20
152.862,90.0366,1.04825,0.0332593,85.5,-0.000203491,0.318463,5.03606,0.35
78.2475,89.9636,1,0.00711914,40.5,0.000103436,0.163016,4.37258,0.35
177.252,89.7255,1.10119,0.0189697,63,0.00176897,0.369272,5.1832,0.55
124.694,87.2591,0.987013,0.0080365,43.3125,0.0124223,0.259482,4.83385,0.55
185.048,86.7902,0.958333,0.0121289,54,0.0215859,0.384911,5.226,0.70
182.919,88.7929,0.909091,0.00966797,49.5,0.00802821,0.380996,5.21449,0.78
186.324,88.3704,0.972222,0.00692139,40.5,0.0110393,0.388019,5.23284,0.90
195.635,89.3884,0.946429,0.00724609,42,0.00435064,0.407549,5.28135,1.00
164.154,88.9075,0.953488,0.0043042,32.25,0.00652076,0.341925,5.10688,1.00
50.0731,176.789,0.95122,0.00390381,30.75,-0.104155,0.00584236,3.93326,0.20
62.2448,174.793,1,0.00494385,33.75,-0.129142,0.0117681,4.14701,0.33
88.1867,175.164,0.9875,0.00385742,30,-0.183068,0.0154878,4.49073,0.54
104.319,177.051,0.986301,0.00320801,27.375,-0.217044,0.0111807,4.65699,0.70
137.742,180.965,1.03506,0.0427886,97.5938,-0.286921,-0.00483421,4.93261,0.25
88.815,175.831,0.981928,0.0165149,62.25,-0.184542,0.0134511,4.49775,0.25
63.4333,172.375,0.966387,0.00835266,44.625,-0.130984,0.0175356,4.16563,0.25
172.927,172.724,0.938457,0.0220042,73.5,-0.357364,0.0456282,5.15864,0.45
126.137,175.43,1.0161,0.010806,49.5,-0.261949,0.0209396,4.84526,0.45
103.119,175.285,0.975248,0.00607208,37.875,-0.214105,0.0176581,4.64554,0.45
178.51,175.836,1.00045,0.0119682,52.5,-0.370914,0.0270029,5.19023,0.65
136.85,175.99,1.00971,0.00653809,38.625,-0.284406,0.0199364,4.92617,0.65
117.869,174.863,0.983516,0.00497101,34.125,-0.244574,0.0219854,4.77802,0.65
197.514,178.756,0.930328,0.00845154,45.75,-0.411392,0.00893307,5.29086,0.80
153.719,176.916,1.01042,0.00568359,36,-0.319783,0.0172289,5.04161,0.80
135.02,175.276,1,0.00440979,31.875,-0.280337,0.0231674,4.91281,0.80
194.311,176.497,0.993371,0.0059424,37.125,-0.404059,0.0247314,5.2746,1.00
167.591,176.465,0.994853,0.00438709,31.875,-0.348484,0.0215261,5.12748,1.00
148.743,176.62,1.00325,0.00363052,28.875,-0.309341,0.0182698,5.00892,1.00
66.3338,163.666,1,0.00472656,33,-0.132618,0.0388654,4.20966,0.37
97.5461,174.269,0.98,0.00336456,28.125,-0.202205,0.0202946,4.59052,0.62
117.477,176.176,1,0.00282227,25.5,-0.244199,0.016323,4.77472,0.85
137.508,176.071,1.00636,0.00213814,22.125,-0.285803,0.0196306,4.93093,1.17
147.29,176.303,1.03636,0.00191345,20.625,-0.306217,0.0197853,4.99917,1.36
156.365,176.81,1.02941,0.00163422,19.125,-0.325256,0.0181276,5.05857,1.58
164.909,176.826,1.03261,0.00133362,17.25,-0.343033,0.0190231,5.11144,1.83
169.281,177.08,1.06977,0.00120728,16.125,-0.352211,0.0179636,5.13745,1.97
171.896,177.176,1.04167,0.00112152,15.75,-0.357682,0.0176464,5.15269,2.07
176.726,177.533,1.07237,0.000945129,14.25,-0.367837,0.0158505,5.18024,2.25
178.64,177.267,1.05263,0.000927734,14.25,-0.371743,0.0177437,5.19095,2.36
182.123,177.199,1.06424,0.000841827,13.5,-0.378971,0.0185387,5.21016,2.53
185.564,177.413,1.04643,0.000782394,13.125,-0.386198,0.0174524,5.22877,2.74
190.15,176.914,1.00977,0.000631104,12,-0.39557,0.0213246,5.25306,2.98
191.427,176.608,0.986742,0.000655861,12.375,-0.398108,0.0235949,5.25972,3.10
191.047,179.982,1.09167,0.00059967,11.25,-0.398014,0.000126153,5.25774,3.18
192.219,180.09,1.04839,0.000614929,11.625,-0.400456,-0.000631036,5.26382,3.29
194.844,179.982,1.0625,0.000508423,10.5,-0.405924,0.000126584,5.27732,3.47
196.579,180.195,1.05172,0.000539856,10.875,-0.409538,-0.0013918,5.28614,3.64
198.08,180.246,1.03017,0.000528793,10.875,-0.412663,-0.00177278,5.29371,3.79
199.932,180.244,1.03571,0.000495605,10.5,-0.41652,-0.00177465,5.30296,4.00
201.9,180.242,1.04808,0.000432434,9.75,-0.420622,-0.00177792,5.31271,4.14
202.345,180.19,1.05288,0.000434418,9.75,-0.42155,-0.00139686,5.3149,4.25
203.592,180.446,1.03846,0.000428467,9.75,-0.424138,-0.00330328,5.32102,4.40
204.389,180.445,1.01442,0.000418549,9.75,-0.425798,-0.00330544,5.32491,4.51
206.122,179.626,1.02604,0.000360718,9,-0.429411,0.00280182,5.33331,4.87
51.3226,146.215,0.88253,0.00371078,31.125,-0.0888661,0.0594573,3.95743,0.25
136.334,138.418,0.883886,0.096073,158.25,-0.212455,0.188509,4.92242,0.25
91.1053,141.783,1.02632,0.0144727,57,-0.149122,0.117421,4.52293,0.25
58.0045,144.625,0.991304,0.00800171,43.125,-0.098533,0.0699585,4.07761,0.25
168.124,144.303,1.0258,0.0345762,88.125,-0.28445,0.204375,5.13063,0.40
114.385,147.905,0.996296,0.0110825,50.625,-0.201883,0.126615,4.74827,0.40
84.6426,146.263,1.00521,0.0056543,36,-0.146643,0.0979345,4.45018,0.40
174.765,146.306,1.03106,0.0175508,62.625,-0.30293,0.201984,5.16915,0.58
123.664,148.416,0.990826,0.00718506,40.875,-0.219472,0.134934,4.82562,0.58
102.181,148.358,0.982955,0.004646,33,-0.181231,0.111679,4.63649,0.58
197.892,150.027,1.03507,0.0122062,52.125,-0.357138,0.205967,5.29276,0.75
153.544,148.238,1.01651,0.00697113,39.75,-0.271978,0.168385,5.04048,0.75
121.299,149.511,1.00617,0.00402924,30.375,-0.217763,0.128216,4.80646,0.75
206.744,150.947,1.01549,0.00848454,43.875,-0.376521,0.209163,5.33631,1.00
155.678,150.25,1.01176,0.00446167,31.875,-0.281583,0.160938,5.0542,1.00
177.156,150.113,1.03947,0.00366455,28.5,-0.319992,0.183904,5.18266,1.20
206.404,151.326,1.03704,0.00415283,30.375,-0.377273,0.20633,5.33467,1.40
179.61,149.663,1.02536,0.00297958,25.875,-0.322949,0.188996,5.19634,1.40
146.756,147.368,0.990741,0.00176331,20.25,-0.257479,0.164869,4.99556,1.40
136.687,149.349,1.00862,0.00207092,21.75,-0.244979,0.145177,4.92499,1.20
130.106,149.515,1.0082,0.00228973,22.875,-0.233585,0.137507,4.87601,1.09
124.685,150.47,1.00781,0.00251953,24,-0.226017,0.128031,4.83378,1.00
114.356,149.298,1.01515,0.00269897,24.75,-0.204849,0.12164,4.74802,0.87
104.8,149.18,0.951389,0.00301025,27,-0.187501,0.111862,4.66155,0.75
88.9086,147.669,1,0.00361877,28.875,-0.156511,0.0990615,4.49879,0.59
72.1366,145.074,0.993902,0.00407898,30.75,-0.123217,0.0860402,4.29233,0.43
54.293,143.42,0.898352,0.00454056,34.125,-0.090831,0.067407,4.01265,0.30
59.0093,133.049,0.797059,0.00351486,31.875,-0.0839194,0.0898376,4.0945,0.30
68.7991,99.0524,2.48387,0.00145691,11.625,-0.0225514,0.141546,4.24562,0.25
66.8087,121.907,1.07407,0.00430115,30.375,-0.0735645,0.118155,4.21669,0.35
51.0769,265.645,1.17197,0.00440796,29.4375,-0.00808018,-0.106103,3.95272,0.28
56.2848,273.306,1.03448,0.00477905,32.625,0.00676151,-0.117065,4.04804,0.34
73.4425,270.642,1.00592,0.00438385,31.6875,0.00171364,-0.152996,4.31003,0.47
84.0313,269.928,1.00629,0.00388184,29.8125,-0.000221181,-0.175065,4.44302,0.56
93.2186,269.834,1.00654,0.00359528,28.6875,-0.00056422,-0.194205,4.54562,0.64
105.51,270.749,1.00671,0.00341034,27.9375,0.00287461,-0.219793,4.66824,0.78
113.516,271.639,1.04965,0.0031842,26.4375,0.00676413,-0.236395,4.74071,0.86
122.297,269.073,0.971014,0.00282166,25.875,-0.00412125,-0.254752,4.8146,0.98
132.598,269.504,0.943026,0.00233002,23.8594,-0.00238919,-0.276235,4.89483,1.13
139.77,266.047,0.935484,0.00219482,23.25,-0.0200715,-0.290496,4.94713,1.25
144.568,266.566,0.965517,0.00198242,21.75,-0.0180409,-0.300642,4.98064,1.33
153.978,267.073,0.953271,0.00166534,20.0625,-0.016379,-0.320369,5.04328,1.53
148.746,266.913,1.00917,0.00182953,20.4375,-0.0166901,-0.309437,5.00894,1.40
157.419,267.326,0.953271,0.00166534,20.0625,-0.0152998,-0.3276,5.06525,1.62
159.3,266.963,0.96,0.00146484,18.75,-0.0175833,-0.331408,5.07705,1.65
163.387,267.276,0.973545,0.0013266,17.7188,-0.016179,-0.340005,5.10222,1.76
166.743,267.084,0.942408,0.00131149,17.9062,-0.0176694,-0.346932,5.12244,1.87
169.341,267.304,0.951351,0.00124207,17.3438,-0.0165968,-0.352403,5.1378,1.96
172.114,267.636,0.937143,0.00109482,16.4062,-0.0147892,-0.358266,5.15395,2.05
175.422,267.446,0.949153,0.00113434,16.5938,-0.0162861,-0.3651,5.17288,2.18
180.043,269.332,0.92261,0.000955276,15.4453,-0.00436983,-0.375064,5.19873,2.36
183.471,269.175,0.919255,0.000908966,15.0938,-0.00550277,-0.382193,5.21749,2.51
185.769,269.184,0.957929,0.000872269,14.4844,-0.00551417,-0.386978,5.22987,2.63
188.906,269.251,0.933333,0.000801086,14.0625,-0.00514693,-0.393521,5.24653,2.82
190.873,269.311,0.979021,0.000763702,13.4062,-0.00478002,-0.397622,5.25683,2.90
193.835,269.106,0.941176,0.000664063,12.75,-0.00630307,-0.403774,5.27215,3.10
194.981,269.164,0.958801,0.000651855,12.5156,-0.00592945,-0.406167,5.27802,3.18
196.455,269.223,0.944649,0.000661621,12.7031,-0.0055497,-0.409243,5.28551,3.29
197.4,269.067,0.923077,0.000595093,12.1875,-0.00669433,-0.411196,5.29029,3.35
199.386,269.18,0.956175,0.000574493,11.7656,-0.00594436,-0.415346,5.30025,3.50
201.147,269.135,0.943089,0.000544281,11.5312,-0.00632896,-0.419009,5.309,3.63
202.652,269.036,0.957265,0.000499878,10.9688,-0.00709947,-0.422133,5.31642,3.78
204.056,269.094,0.931034,0.000477905,10.875,-0.00672189,-0.425065,5.32329,3.95
207.437,269.005,1.00483,0.000410614,9.70312,-0.00750669,-0.432096,5.33964,4.25
207.923,269.107,0.995025,0.000383377,9.42188,-0.0067481,-0.43312,5.34196,4.31
208.746,269.061,0.985222,0.000387192,9.51562,-0.00712914,-0.43483,5.3459,4.42
211.93,269.818,1.01734,0.000290375,8.10938,-0.0014054,-0.441518,5.36096,4.86
213.394,272.736,0.988235,0.000272369,7.96875,0.0212182,-0.444064,5.36782,5.00
184.453,269.234,0.930533,0.000850067,14.5078,-0.00513651,-0.384244,5.2228,2.55
167.444,265.81,1.7631,0.0416833,73.8047,-0.0254872,-0.34791,5.12661,0.30
64.4846,272.073,0.995349,0.00702057,40.3125,0.00486036,-0.134255,4.18182,0.30
161.845,266.859,0.966184,0.0252686,77.625,-0.0184735,-0.33667,5.0928,0.43
95.1873,266.141,0.972973,0.00731689,41.625,-0.0133471,-0.197857,4.5663,0.43
195.822,265.242,1.57676,0.013974,45.1875,-0.0338384,-0.406557,5.2823,0.57
128.566,264.397,0.963303,0.00698547,40.875,-0.0261516,-0.266567,4.86419,0.57
104.7,267.02,0.988764,0.00478027,33.375,-0.0113407,-0.217831,4.66061,0.57
201.944,264.814,1.60731,0.0103383,38.4961,-0.038026,-0.418995,5.31293,0.70
140.481,266.852,0.967581,0.00593521,37.5938,-0.0160738,-0.292227,4.95216,0.70
121.619,265.484,0.982036,0.00417908,31.3125,-0.0199487,-0.252587,4.80909,0.70
212.984,266.984,1.87521,0.00628868,27.7969,-0.0233453,-0.443102,5.3659,0.88
152.92,267.561,0.956989,0.00505188,34.875,-0.0135557,-0.318296,5.03644,0.88
129.238,267.559,0.953301,0.00350601,29.1094,-0.0114674,-0.269002,4.86936,0.88
208.156,266.984,0.952455,0.00379942,30.3164,-0.0228146,-0.433057,5.34308,1.50
176.56,266.764,0.951613,0.00223267,23.25,-0.0207657,-0.367247,5.17931,1.50
211.74,267.449,1.03437,0.00368263,28.6406,-0.0196342,-0.440687,5.36007,1.40
179.302,269.123,0.939422,0.0025787,25.1484,-0.0057187,-0.373503,5.19464,1.40
217.555,267.95,1.55855,0.00346031,22.6172,-0.0162141,-0.452949,5.38704,1.27
176.524,267.638,0.950495,0.00279716,26.0391,-0.0151571,-0.367446,5.17911,1.27
201.079,270.162,0.941462,0.00609987,38.6367,0.00118795,-0.418912,5.30866,1.15
172.684,268.474,0.936768,0.00366497,30.0234,-0.00958318,-0.359631,5.15724,1.15
152.745,268.659,0.952381,0.00270767,25.5938,-0.00744869,-0.318131,5.03529,1.15
203.122,268.418,1.03258,0.0062709,37.4062,-0.0116841,-0.42301,5.31872,1.07
166.264,268.42,0.94704,0.00372253,30.0938,-0.00955177,-0.346252,5.11957,1.07
145.834,269.007,0.981685,0.00279099,25.5938,-0.0052669,-0.303774,4.9893,1.07
199.18,270.114,1.00342,0.00736008,41.1094,0.000826198,-0.414958,5.29922,0.97
154.054,268.055,0.97561,0.00400391,30.75,-0.0108913,-0.320761,5.04377,0.97
136.963,268.311,0.968858,0.00308685,27.0938,-0.00841223,-0.285216,4.92699,0.97
33.7966,268.89,1.02866,0.247612,235.5,-0.00136382,-0.0703963,3.54952,0.24
51.0406,267.712,1.01765,0.0179504,63.75,-0.00424519,-0.10625,3.95202,0.26
43.3879,218.574,0.997222,0.00493011,33.75,-0.0706687,-0.0563607,3.79297,0.27
58.2662,214.191,0.975275,0.00492935,34.125,-0.100408,-0.0682146,4.08204,0.36
66.1453,214.595,1.00896,0.00431938,31.4062,-0.113437,-0.0782405,4.20686,0.42
79.5484,211.483,1.01274,0.00380905,29.4375,-0.14133,-0.0865495,4.38886,0.51
97.2821,202.799,1.00358,0.00298004,26.1562,-0.186836,-0.0785349,4.58784,0.64
104.134,205.274,1,0.00290588,25.875,-0.196181,-0.0926234,4.65524,0.73
114.064,202.686,0.977778,0.00271912,25.3125,-0.219249,-0.0916498,4.74549,0.86
116.977,209.557,0.963504,0.0027594,25.6875,-0.211987,-0.120215,4.77049,0.90
120.848,211.62,1.0082,0.00228973,22.875,-0.21439,-0.131996,4.80277,0.94
126.412,211.014,1.02542,0.00217865,22.125,-0.225708,-0.135696,4.84742,1.03
132.331,210.413,1,0.00191406,21,-0.237753,-0.139564,4.89283,1.11
137.152,210.949,1,0.00174698,20.0625,-0.245051,-0.146947,4.92835,1.19
142.465,210.782,1.0099,0.00157196,18.9375,-0.254989,-0.151894,4.96609,1.29
144.911,210.074,1,0.00152588,18.75,-0.261256,-0.151289,4.983,1.34
149.732,211.106,1.01064,0.00136261,17.625,-0.267089,-0.161155,5.0155,1.43
153.863,209.708,1.00798,0.00135902,17.625,-0.278416,-0.158859,5.04254,1.54
155.467,210.582,1.00815,0.00130203,17.25,-0.278837,-0.164786,5.05285,1.58
157.908,209.455,1.01648,0.00128441,17.0625,-0.286451,-0.16177,5.06832,1.65
163.75,210.214,1.0506,0.00113113,15.75,-0.294803,-0.171675,5.10443,1.83
165.521,210.103,1.02744,0.00105415,15.375,-0.298324,-0.172956,5.11512,1.89
168.932,209.595,1,0.000976562,15,-0.306027,-0.173811,5.1354,1.99
170.26,209.834,1.01266,0.000964355,14.8125,-0.307698,-0.176465,5.14318,2.04
172.323,210.138,1.05128,0.000975952,14.625,-0.310475,-0.180254,5.15516,2.14
174.973,210.704,1.08333,0.000856934,13.5,-0.313428,-0.186126,5.17033,2.24
178.246,210.571,1.05,0.000785065,13.125,-0.319728,-0.188871,5.18876,2.37
178.586,210.463,1.05072,0.000763321,12.9375,-0.320694,-0.188625,5.19065,2.44
180.879,209.731,1.04412,0.000736694,12.75,-0.327227,-0.18688,5.20334,2.52
183.88,209.504,1.04615,0.000674438,12.1875,-0.333404,-0.188665,5.21971,2.67
186.551,209.525,1.04839,0.000614929,11.625,-0.33818,-0.191524,5.23405,2.85
187.837,209.779,1.03448,0.000531006,10.875,-0.33965,-0.194356,5.24088,2.95
190.077,210.134,1.07627,0.000571671,11.0625,-0.342476,-0.198798,5.25268,3.10
191.758,209.711,1.05932,0.000562668,11.0625,-0.346976,-0.198002,5.26144,3.23
192.663,209.451,1.06897,0.000548706,10.875,-0.349514,-0.197349,5.26612,3.30
194.217,209.702,1.0625,0.000508423,10.5,-0.351459,-0.200482,5.27411,3.39
194.751,209.778,1.11321,0.000477142,9.9375,-0.352157,-0.201503,5.27684,3.48
195.375,209.798,1.11321,0.000477142,9.9375,-0.353216,-0.20227,5.28003,3.56
197.733,209.565,1.07692,0.000444336,9.75,-0.358307,-0.203258,5.29196,3.74
200.683,209.774,1.05102,0.000385056,9.1875,-0.362897,-0.207614,5.3067,4.04
201.82,209.883,1.03191,0.000347824,8.8125,-0.364555,-0.209487,5.31232,4.17
202.907,210.071,1.06383,0.000358582,8.8125,-0.365826,-0.211816,5.31766,4.34
204.195,210.74,1.06522,0.000343933,8.625,-0.365635,-0.217446,5.32396,4.50
149.939,221.483,0.988048,0.0718308,129.422,-0.234016,-0.206915,5.01688,0.25
74.5656,225.425,1.00952,0.0152847,59.0625,-0.109027,-0.110658,4.325,0.25
57.6614,221.828,1.00213,0.00840874,43.9688,-0.0895136,-0.0801127,4.07178,0.25
151.667,214.533,1.03732,0.0501259,105.516,-0.260296,-0.17912,5.02826,0.35
96.306,217.279,0.993548,0.0145691,58.125,-0.159647,-0.121525,4.57786,0.35
76.1033,216.113,1.01376,0.00735138,40.875,-0.128085,-0.0934448,4.34515,0.35
185.653,213.878,0.905334,0.0373898,97.5469,-0.321112,-0.215602,5.22925,0.45
122.488,218.415,0.993127,0.0128325,54.5625,-0.199943,-0.15856,4.81614,0.45
85.4656,211.182,0.997403,0.00563965,36.0938,-0.15233,-0.0921874,4.45975,0.45
178.139,209.063,1.01662,0.0169955,62.0625,-0.324394,-0.180279,5.18816,0.60
135.135,215.428,1.00437,0.0080368,42.9375,-0.229403,-0.163198,4.91364,0.60
113.049,210.878,1.00568,0.00475342,33,-0.202136,-0.12087,4.73662,0.60
192.357,209.207,1.03392,0.011416,50.4375,-0.349796,-0.195547,5.26454,0.80
159.427,209.207,1.02296,0.0059964,36.75,-0.289913,-0.162073,5.07784,0.80
133.764,211.802,1.01923,0.00378479,29.25,-0.236839,-0.146858,4.90353,0.80
215.721,210.251,0.878,0.00837326,46.875,-0.38822,-0.226413,5.37861,0.95
177.672,209.705,1.00526,0.00553741,35.625,-0.32151,-0.18342,5.18555,0.95
147.611,210.014,0.97973,0.00327454,27.75,-0.266285,-0.153828,5.00133,0.95
190.898,210.678,1.01298,0.00517633,34.3125,-0.342045,-0.202914,5.25697,1.10
159.647,210.622,1.00362,0.00291641,25.875,-0.286216,-0.169416,5.07921,1.10
216.941,211.306,0.974162,0.00476274,33.5625,-0.386158,-0.23484,5.38422,1.30
184.482,211.13,1.00352,0.00308762,26.625,-0.32899,-0.198697,5.22296,1.30
161.021,211.227,1.03602,0.00220116,22.125,-0.286858,-0.173915,5.08773,1.30
209.953,209.51,1.03017,0.00330496,27.1875,-0.380656,-0.215457,5.35164,1.50
184.274,210.643,1.01681,0.00219711,22.3125,-0.330297,-0.195668,5.22183,1.50
167.661,209.555,0.995327,0.00173882,20.0625,-0.303843,-0.172293,5.12789,1.50
220.091,174.196,0.420455,0.00447144,49.5,-0.456172,0.0463646,5.39857,1.20
179.235,179.759,1.00342,0.0032637,27.375,-0.373404,0.00157223,5.19426,1.20
160.956,180.351,0.996324,0.00281189,25.5,-0.335319,-0.00205162,5.08733,1.20
215.235,179.796,0.764368,0.00353119,32.625,-0.448404,0.00160001,5.37637,1.30
174.975,179.523,1.01119,0.00277054,25.125,-0.364518,0.00303487,5.17034,1.30
161.516,179.855,1.0119,0.00245132,23.625,-0.336491,0.000848652,5.09078,1.30
216.888,179.749,0.86387,0.00280979,27.375,-0.451846,0.00197562,5.38398,1.50
181.534,180.315,1.01411,0.0023793,23.25,-0.37819,-0.00207856,5.20694,1.50
162.594,180.104,1.02315,0.00182098,20.25,-0.338737,-0.000612046,5.09739,1.50
215.465,151.127,0.956081,0.00718987,41.625,-0.393086,0.216753,5.37743,1.10
216.019,149.829,1.00694,0.00716858,40.5,-0.389071,0.226183,5.37998,1.10
221.393,148.698,0.974537,0.00693787,40.5,-0.394096,0.239636,5.40444,1.10
223.858,151.445,0.978022,0.00494324,34.125,-0.409639,0.222929,5.41547,1.20
187.829,153.442,0.997627,0.00380016,29.625,-0.350021,0.174954,5.24084,1.20
170.494,151.806,0.989726,0.00321915,27.375,-0.313054,0.167814,5.14455,1.20
232.156,151.3,0.998204,0.00461145,32.625,-0.424241,0.232262,5.45171,1.30
191.976,152.795,1,0.00371338,29.25,-0.355708,0.182845,5.26257,1.30
167.384,152.653,1,0.00265869,24.75,-0.309746,0.16019,5.12625,1.30
244.555,153.752,0.672252,0.00282662,31.125,-0.456956,0.225323,5.50352,1.50
212.83,153.627,1.02332,0.00280376,25.125,-0.397246,0.196965,5.36518,1.50
182.028,152.984,1.00847,0.00214264,22.125,-0.337845,0.172257,5.20964,1.50
167.939,153.148,1.01339,0.0019397,21,-0.312149,0.158035,5.12954,1.50
213.683,96.0461,1.45833,0.00461426,27,-0.0468895,0.442696,5.36916,1.10
178.23,97.9609,0.965116,0.00435669,32.25,-0.0514256,0.367735,5.18867,1.10
156.964,97.8124,0.972222,0.00307617,27,-0.0444505,0.323974,5.06237,1.10
224.285,95.1652,2.52273,0.00298096,16.5,-0.042066,0.465363,5.41737,1.25
189.903,94.7319,0.930233,0.00419922,32.25,-0.032637,0.394283,5.25177,1.25
160.945,96.2008,0.96875,0.00242187,24,-0.0362169,0.333341,5.08726,1.25
215.638,95.22,1.40909,0.00374634,24.75,-0.0408727,0.447383,5.37823,1.37
187.266,95.9727,0.959459,0.00320679,27.75,-0.0405954,0.388019,5.23785,1.37
164.529,96.7765,0.95,0.0020874,22.5,-0.0404453,0.340374,5.10915,1.37
216.914,95.6234,1.26562,0.00316406,24,-0.0442822,0.449729,5.3841,1.50
193.312,95.9981,0.969697,0.00257813,24.75,-0.0420836,0.400528,5.26947,1.50
167.504,96.6311,0.964286,0.0018457,21,-0.0402976,0.346633,5.12696,1.50
40.4029,333.101,0.931034,0.00430115,32.625,0.0750653,-0.0380819,3.72335,0.30
58.2272,332.376,1,0.00483459,33.375,0.107478,-0.0562468,4.08138,0.36
72.6973,324.727,0.994012,0.00423004,31.3125,0.123648,-0.0874594,4.29997,0.48
84.0578,322.822,1.00645,0.00368958,29.0625,0.13953,-0.105823,4.44333,0.57
94.6849,322.216,0.979866,0.0033194,27.9375,0.1559,-0.120858,4.56106,0.67
101.089,321.205,0.992908,0.00301208,26.4375,0.164142,-0.13195,4.62585,0.73
108.384,320.521,0.985507,0.00286377,25.875,0.174286,-0.143563,4.69487,0.80
114.569,320.602,0.963504,0.0027594,25.6875,0.184444,-0.151496,4.74987,0.89
118.746,319.57,0.977778,0.00271912,25.3125,0.18831,-0.160435,4.78537,0.95
124.604,319.718,0.96063,0.0023642,23.8125,0.198036,-0.167837,4.83313,1.01
128.997,319.369,0.967742,0.00227051,23.25,0.203955,-0.175002,4.86751,1.09
135.34,319.374,0.95082,0.00215942,22.875,0.213999,-0.183588,4.91515,1.18
140.327,319.246,0.973913,0.00196533,21.5625,0.221461,-0.190847,4.95108,1.26
143.07,318.009,0.973451,0.00189667,21.1875,0.221536,-0.199406,4.9703,1.33
148.528,317.076,0.971429,0.00163422,19.6875,0.226585,-0.210734,5.00749,1.42
150.442,318.102,0.971429,0.00163422,19.6875,0.233292,-0.209303,5.02021,1.46
158.054,317.461,0.979592,0.00143555,18.375,0.242619,-0.222622,5.06924,1.63
163.675,318.128,1,0.0012915,17.25,0.253915,-0.227599,5.10397,1.80
165.97,318.001,0.989247,0.00130554,17.4375,0.256962,-0.231363,5.11782,1.88
169.608,317.324,0.988235,0.00108948,15.9375,0.259781,-0.23952,5.13937,1.96
174.673,317.145,0.987342,0.000940247,14.8125,0.26677,-0.247504,5.16862,2.13
176.966,316.978,0.974684,0.000928192,14.8125,0.269539,-0.251541,5.18159,2.23
178.114,317.644,0.988095,0.00106384,15.75,0.274211,-0.250003,5.18802,2.33
180.976,317.616,1.05556,0.000834961,13.5,0.278495,-0.254154,5.20387,2.43
182.188,316.353,0.986667,0.000846863,14.0625,0.274651,-0.261976,5.21051,2.47
184.92,316.376,1.01429,0.000758362,13.125,0.278873,-0.265794,5.22531,2.59
187.631,315.935,0.985075,0.000674744,12.5625,0.28088,-0.271858,5.23979,2.71
189.548,316.079,1,0.000684967,12.5625,0.284439,-0.273923,5.2499,2.81
191.873,316.332,1.01515,0.000674744,12.375,0.289149,-0.276009,5.26203,2.97
192.346,316.387,1,0.000625,12,0.29013,-0.27641,5.26448,3.05
195.938,314.149,0.983607,0.000558472,11.4375,0.284326,-0.292898,5.28289,3.19
197.488,314.419,1.00412,0.000565453,11.3906,0.287963,-0.293862,5.29073,3.32
199.637,314.544,0.995781,0.000533409,11.1094,0.291741,-0.296426,5.3015,3.49
201.327,314.455,0.995556,0.000480652,10.5469,0.29375,-0.299388,5.30988,3.61
203.179,314.363,1.06122,0.000388794,9.1875,0.295963,-0.302623,5.319,3.76
204.155,314.503,1,0.000495758,10.6875,0.29813,-0.303345,5.32377,3.87
205.987,314.569,1.03704,0.000461426,10.125,0.301156,-0.30572,5.33265,4.03
208.611,314.626,1.06122,0.000388794,9.1875,0.3053,-0.309312,5.34525,4.29
208.558,315.244,1.01961,0.000404663,9.5625,0.308541,-0.305924,5.345,4.37
209.696,314.997,1.04,0.000396729,9.375,0.308896,-0.308927,5.35042,4.49
211.323,315.889,1.01149,0.000292053,8.15625,0.316103,-0.306439,5.35811,4.75
212.642,315.684,1.11628,0.000314941,8.0625,0.31697,-0.309489,5.3643,4.08
121.218,313.223,0.955152,0.0991974,154.688,0.172948,-0.184022,4.80581,0.20
71.1039,316.853,0.974428,0.0205205,69.6562,0.108078,-0.101304,4.27811,0.20
45.2663,327.907,1.00781,0.0100781,48,0.0798942,-0.0501031,3.83441,0.20
187.704,320.555,0.917152,0.0436133,104.672,0.301983,-0.248448,5.24018,0.40
123.01,315.008,0.965839,0.0152805,60.375,0.181235,-0.181187,4.82036,0.40
86.6355,318.575,0.964286,0.00738281,42,0.135336,-0.11942,4.47319,0.40
208.386,316.764,0.992173,0.0261052,77.8594,0.316287,-0.297384,5.34418,0.60
170.817,319.729,0.99435,0.0145573,58.0781,0.271527,-0.230033,5.14643,0.60
111.702,316.477,0.97,0.00592041,37.5,0.16874,-0.160255,4.72474,0.60
213.288,314.397,0.954604,0.0216467,72.2812,0.310878,-0.317492,5.36732,0.80
171.582,316.055,0.961658,0.00854034,45.2344,0.257375,-0.248067,5.15087,0.80
122.57,315.458,0.963855,0.00405273,31.125,0.182001,-0.179114,4.81681,0.80
197.032,312.531,0.978417,0.00649017,39.0938,0.277481,-0.30249,5.28843,1.00
156.423,315.029,0.961538,0.00357056,29.25,0.230549,-0.230318,5.05894,1.00
201.713,313.937,0.959302,0.00433044,32.25,0.291589,-0.302612,5.31179,1.20
166.588,312.6,0.944544,0.00281479,26.2031,0.234915,-0.255467,5.12151,1.20
202.437,311.789,0.96732,0.0034552,28.6875,0.281048,-0.314453,5.31536,1.45
174.321,313.235,0.945736,0.00240143,24.1875,0.24877,-0.264586,5.16662,1.45
212.427,4.58466,0.533333,0.00593262,50.625,0.441139,0.0353744,5.36329,1.10
172.641,3.16925,0.987654,0.00395508,30.375,0.359119,0.0198845,5.15699,1.10
153.333,4.42351,0.971429,0.00290527,26.25,0.318493,0.0246381,5.03912,1.10
216.6,4.67259,0.653061,0.00382812,36.75,0.44975,0.0367596,5.38266,1.30
177.597,3.56931,1.01449,0.002948,25.875,0.369277,0.0230343,5.18513,1.30
212.089,6.71821,1.07937,0.00261475,23.625,0.438818,0.0516906,5.36171,1.50
188.954,5.36025,1.01538,0.00261841,24.375,0.391933,0.0367742,5.24678,1.50
